Place,Address
"ABB Optical Group, Erlanger , KY","Abbey Dr, Demossville, KY, United States of America"
"Advent Health Apopka (formerly Hilton Altamonte), Apopka, FL","Old Apopka Rd, Apopka, FL, United States of America"
"Advent Health East Orlando, Orlando, FL","Orlando, Florida, United States of America"
"Advent Health Kissimmee, Kissimmee, FL","Adventure Trl, Minneola, FL, United States of America"
"Advent Health lake Wales, Lake Wales, FL","Health Way, Lake Placid, FL, United States of America"
"Advent Health Redmond, Rome, GA","Redmond Ct, Rome, GA, United States of America"
"Advent Health Sebring, Sebring, FL","Healthy Way, Sebring, FL, United States of America"
"AdventHealth Altamonte, Altamonte Springs, FL","E Altamonte Dr, Altamonte Springs, FL, United States of America"
"AdventHealth Ocala (formerly Hilton Ocala), Ocala, FL","Ocala, Florida, United States of America"
"AdventHealth Orlando (formerly Orlando Health-Ocoee), Orlando, FL","E Orlando Rd, Orlando, FL, United States of America"
"AdventHealth Shawnee Mission Medical, Shawnee Mission, KS","Shawnee Mission Pkwy, Shawnee Mission, KS, United States of America"
"Aiken County Public School District, Aiken, SC","Aiken Ln NW, Aiken, SC, United States of America"
"Alamance Regional Medical Center, Burlington, NC","Alamance Regional Medical Center, 1240 Huffman Mill Road, Burlington, NC 27215, United States of America"
"Amazon Leeds, Leeds, England","Amazon, Definitive Bridleway LEEDS CITY 248, Leeds, LS9 0PS, United Kingdom"
"Andis Company, Sturtevant, WI","Andis Company, 1800 Renaissance Boulevard, Sturtevant, Racine County, WI 53177, United States of America"
"Aramark, Philadelphia, PA","Jefferson Tower, 1101 Market Street, Philadelphia, PA 19107, United States of America"
"Archbold Medical Center/John D. Archbold Memorial Hospital, Thomasville, GA","Archbold Ave, Thomasville, GA, United States of America"
"Arkansas Children's Hospital , Little Rock, AR","Arkansas Children's Hospital, 1 Children's Way, Little Rock, AR 72202, United States of America"
"Arkansas Children's Northwest, Springdale, AR","Arkansas Children's Northwest, 2601 Gene George Boulevard, Springdale, AR 72762, United States of America"
"Arnot Health at St. Joseph's Hospital, Elmira, NY","Elmira, New York, United States of America"
"Ascension NE Wisconsin - Mercy Campus, Oshkosh, WI","Wisconsin St, Oshkosh, WI, United States of America"
"Ascension Seton Hays, Kyle, TX","E Hays St, Kyle, TX, United States of America"
"Ascension Seton Northwest, Austin, TX","Ascension Seton Northwest, 11113 Research Boulevard, Austin, TX 78759, United States of America"
"Ascension Seton Williamson, Round Rock, TX","S Stone St, Round Rock, TX, United States of America"
"Ascension St. Elizabeth Hospital, Appleton, WI","Ascension Saint Elizabeth Hospital, 1506 South Oneida Street, Appleton, WI 54915, United States of America"
"Ascension Via Christi St. Teresa, Wichita, KS","N Crest St, Wichita, KS, United States of America"
"Asda Colne, Colne , England","Asda, Unit 1 Corporation Street, Colne, BB8 8LU, United Kingdom"
"Aspirus Rhinelander Hospital (formerly Howard Young Medical Center), Rhinelander, WI","S Young St, Wisconsin Rapids, WI, United States of America"
"Aspirus Riverview Hospital Clinics, Inc., Wisconsin Rapids, WI","Riverview Ct, Wisconsin Dells, WI, United States of America"
"Aspirus Wausau Hospital, Wausau, WI","Aspirus Wausau Hospital, 333-425 Pine Ridge Boulevard, Wausau, WI 54401, United States of America"
"Atrium Health Union, Monroe, NC","Union St, Monroe, NC, United States of America"
"Atrium Health Wake Forest Baptist - High Point Medical Center, High Point, NC","High St, Lowell, NC, United States of America"
"Atrium Hospitality at Hilton Charlotte Airport, Charlotte, NC","Charlotte, North Carolina, United States of America"
"Augusta Health, Fishersville, VA","Augusta Health Outpatient Pavilion, 23 North Campus Drive, Fishersville, Augusta County, VA 22939, United States of America"
"Aurora Baycare Medical Center, Green Bay, WI","Aurora BayCare Medical Center, 2845 Greenbriar Road, Green Bay, WI 54311, United States of America"
"Avera Marshall Regional Medical Center, Marshall, MN","Avera Marshall Regional Medical Center, 300 South Bruce Street, Marshall, MN 56283, United States of America"
"Avera McKennan, Sioux Falls, SD","Avera McKennan Hospital and University Health Center, 1325 South Cliff Avenue, Sioux Falls, SD 57105, United States of America"
"Backus Hospital, Norwich, CT","William W. Backus Hospital, 326 Washington Street, Norwich, CT 06360, United States of America"
"Bally's Twin River Lincoln Casino/Resort, Lincoln, RI","Lincoln Meadows Rd, Lincoln, RI, United States of America"
"Banner Desert Medical Center, Mesa, AZ","Banner Desert Medical Center, 1400 South Dobson Road, Mesa, AZ 85202, United States of America"
"Banner Gateway Medical Center, Gilbert, AZ","Banner Gateway Medical Center, 1900 North Higley Road, Gilbert, AZ 85234, United States of America"
"Banner Health McKee Medical Center, Loveland, CO","Maggie Ct, Loveland, CO, United States of America"
"Baptist Hospital, Pensacola, FL","Baptist Hospital, 1000 West Moreno Street, Pensacola, FL 32501, United States of America"
"Baptist Medical Center Nassau (formerly Innisfree Hotels), Fernandina Beach, FL","Centre St, Fernandina Beach, FL, United States of America"
"Baptist Medical Center South, Montgomery, AL","Baptist Medical Center South, 2105 East South Boulevard, Governors Estates, Montgomery, AL 36116, United States of America"
"Baptist Medical Center-Attala, Kosciusko, MS","Baptist Medical Center Attala, 220 MS 12;MS 43, Kosciusko, MS 39090, United States of America"
"Baptist Memorial Hospital-Calhoun, Calhoun City, MS","Baptist Memorial Hospital-Calhoun, 140 Burke Calhoun City Road, Calhoun City, Calhoun County, MS 38916, United States of America"
"Battle House Resort & Spa, Mobile, AL","Mobile, Alabama, United States of America"
"Bayhealth, Dover, DE","Bayhealth Occupational Health, South Dupont Highway, Dover, DE 19901, United States of America"
"Baylor Scott & White Medical Center Lakeway, Austin, TX","Austin, Texas, United States of America"
"Baylor Scott and White Healthcare - Brenham, Brenham, TX","Brenham, Texas, United States of America"
"Baylor Scott and White Healthcare-College Station, College Station, TX","College Station, Texas, United States of America"
"BCP Council,, Bournemouth,, England","BCP Council, Bridge Street, Christchurch, BH23 1EG, United Kingdom"
"Beaumont Hospital, Dearborn, Dearborn, MI","Oakwood / Beaumont Hospital (EB), Oakwood Boulevard, Dearborn, MI 48124, United States of America"
"Beck Automotive Group, Palatka, FL","Becky Dr, Port Orange, FL, United States of America"
"Beechwood Continuing Care, Getzville, NY","Beechwood Continuing Care, 2235 Millersport Highway, Amherst, NY 14068, United States of America"
"Bellin Health / HSHS St. Vincent Hospital, Green Bay, WI","Vincent Rd, Green Bay, WI, United States of America"
"Bergen New Bridge Medical Center, Paramus, NJ","Bergen Ave, Paramus, NJ, United States of America"
"Berkeley County Government, Moncks Corner, SC","Berkeley County Government, Heatley Street, Oak Hill, Moncks Corner, SC 29461, United States of America"
"Biltmore Estate, Asheville, NC","Biltmore Estate Drive, Asheville, NC 28802, United States of America"
"Birmingham City Council - Sutton New Road,, Birmingham,, England","Birmingham, England, United Kingdom"
"Blackpool Council and Partners, Blackpool, England","Blackpool, England, United Kingdom"
"Blue Cross Blue Shield of Rhode Island, Providence , RI","Blue Cross Blue Shield Parking Garage, American Express Plaza, Providence, RI 02902, United States of America"
"Boeing Distribution Services Inc. (Formerly Zoo Miami), Miami, FL","Bianca Ave, Miami, FL, United States of America"
"Bon Secours Memorial Regional Medical Center, Mechanicsville, VA","Center St, Timberville, VA, United States of America"
"Bon Secours St Francis Medical Center, Midlothian, VA","Bon Secours Saint Francis Medical Center, 13710 Saint Francis Boulevard, Midlothian, VA 23114, United States of America"
"Bon Secours St. Francis, Greenville, SC","St Francis Dr, Greenville, SC, United States of America"
"Bon Secours St. Mary’s Hospital, Richmond, VA","U St, Richmond, VA, United States of America"
"Bradford Teaching Hospitals NHS Foundation Trust, Bradford, West Yorkshire, England","England, United Kingdom"
"California Academy of Sciences, San Francisco, CA","California Academy of Sciences, 55 Music Concourse Drive, San Francisco, CA 94118, United States of America"
"Candler Hospital , Savannah , GA","Candler Hospital, 5353 Reynolds Street, Kensington Park, Savannah, GA 31405, United States of America"
"Cape Cod Healthcare - Cape Cod Hospital, Hyannis, MA","Cape Cod Ln, Barnstable, MA, United States of America"
"Cape Cod Healthcare - Falmouth Hospital, Falmouth, MA","W Falmouth Hwy, Falmouth, MA, United States of America"
"Carilion Clinic, Roanoke, VA","Carilion Clinic, Brambleton Avenue, Cave Spring, VA 24018, United States of America"
"Carolina Pines Regional Medical Center, Hartsville, SC","Carolina Pines Regional Medical Center, 1304 West Bobo Newsome Highway, Kalmia Place, Hartsville, SC 29550, United States of America"
"Centra Lynchburg General Hospital, Lynchburg, VA","Centra Lynchburg General Hospital, 1901 Tate Springs Road, Lynchburg, VA 24501, United States of America"
"Central Connecticut Coast YMCA /Stratford, Stratford, CT","Connecticut Ave, Stratford, CT, United States of America"
"Charlotte Hungerford Hospital, Torrington, CT","Charlotte Hungerford Hospital, 540 Litchfield Street, Newberry Corner, Torrington, CT 06790, United States of America"
"Cherokee Medical Center - Spartanburg Regional Health, Gaffney, SC","Cherokee Ave Exd, Gaffney, SC, United States of America"
"Chesapeake Regional Healthcare, Chesapeake, VA","Chesapeake Ave, Chesapeake, VA, United States of America"
"Cheshire Medical Center/Dartmouth Hitchcock-Keene, Keene, NH","Dartmouth St, Keene, NH, United States of America"
"CHI Health-St. Francis, Grand Island, NE","CHI Health Saint Francis, 2620 West Faidley Avenue, Grand Island, NE 68803, United States of America"
"CHI St. Vincent, Hot Springs, AR","CHI St. Vincent Hot Springs Helipad, Heartcenter Lane, Hot Springs, AR 71913, United States of America"
"Children's  Minnesota, Minneapolis, MN","University of Minnesota Masonic Children's Hospital, 2450 Riverside Avenue, Minneapolis, MN 55454, United States of America"
"Children's Hospital Colorado, Aurora, CO","Children's Hospital Colorado Heliport, East 17th Avenue, Aurora, CO 80045, United States of America"
"Children's Hospital Los Angeles, Los Angeles, CA","Children's Hospital Los Angeles, 4650 West Sunset Boulevard, Los Angeles, CA 90029, United States of America"
"Childrens Hospital of San Antonio, San Antonio, TX","Chiltren Cir, Spring, TX, United States of America"
"Children's Nebraska, Omaha, NE","Children's Hospital & Medical Center, 8200 Dodge Street, Omaha, NE 68114, United States of America"
"Children's Wisconsin, Milwaukee, WI","Children’s Wisconsin, 8915 West Connell Court, Milwaukee, WI 53226, United States of America"
"ChristianaCare, Newark, DE","ChristianaCare Helen F. Graham Cancer Center and Research Institute, 4701 Ogletown Stanton Road, Newark, DE 19713, United States of America"
"CHRISTUS Santa Rosa-Alamo Heights, San Antonio, TX","CHRISTUS Santa Rosa Hospital - Alamo Heights, 403 Treeline Park, San Antonio, TX 78209, United States of America"
"CHRISTUS Trinity Mother Frances Health System, Tyler, TX","S Francis Ave, Tyler, TX, United States of America"
"Cincinnati Children's Hospital Medical Center, Cincinnati, OH","Cincinnati Children’s Hospital Medical Center, 3333 Burnet Avenue, Cincinnati, OH 45267, United States of America"
"Cintas of Wichita, Wichita, KS","Wichita, Kansas, United States of America"
"City of Farmington, Farmington, NM","City Reservoir City of Farmington Dam, Farmington, NM 87401, United States of America"
"City of Garland, Garland, TX","City of Garland Police Department, 1891 Forest Lane, Garland, TX 75042, United States of America"
"City of Hialeah, Hialeah, FL","City of Hialeah Garden of the Arts, 1700-1798, Hialeah, FL 33014, United States of America"
"City of Hope, Duarte, CA","City of Hope, 1500 East Duarte Road, Duarte, CA 91010, United States of America"
"City of La Fayette Government, La Fayette, GA","E Lafayette Sq, La Fayette, GA, United States of America"
"City of Miami, Miami, FL","Miami, Florida, United States of America"
"City of Richardson, Dallas, TX","Richardson, Texas, United States of America"
"City of Rochester, Rochester, NY","Rochester Town Park, Accord, Rochester, New York, United States of America"
"City of Salem, Salem, OR","Salem, Oregon, United States of America"
"City of Sterling Heights, Sterling Heights, MI","Sid Dr, Saginaw, MI, United States of America"
"Claremont Club & Spa, Berkeley, CA","Berkeley, California, United States of America"
"Clark County School District Edward Greer Center, Las Vegas, NV","W Candice Creek Ct, Las Vegas, NV, United States of America"
"Cleveland Clinic Tradition Hospital, Port St. Lucie, FL","Cleveland Clinic Tradition Hospital, 10000 Southwest Innovation Way, Port Saint Lucie, FL 34987, United States of America"
"Cleveland Clinic, Cleveland, OH","Cleveland Clinic, Stokes Boulevard, Cleveland, OH 44106, United States of America"
"ClwydAlyn, Saint Asaph,, Wales","St. Asaph, St Asaph, Denbighshire, Wales, United Kingdom"
"Coffee County Regional Medical Center, Douglas, GA","Coffee Rd Exd, Douglas, GA, United States of America"
"Colquitt Regional Medical Center, Moultrie, GA","Colquitt Regional Medical Center, 3131 South Main Street, Moultrie, GA 31768, United States of America"
"Community Hospital East (Indianapolis), Indianapolis, IN","Community Hospital East, 1500 North Ritter Avenue, Indianapolis, IN 46219, United States of America"
"Community Hospital North (Indianapolis), Indianapolis, IN","Community Hospital North, 7150 Clearvista Drive, Indianapolis, IN 46256, United States of America"
"Community Hospital, Grand Junction, CO","Community Hospital, G Road, Grand Junction, CO 81505, United States of America"
"Community Medical Center, Toms River, NJ","Community Medical Center, 99 Stockton Drive, Toms River, NJ 08755, United States of America"
"Community Regional Medical Center, Fresno, CA","Community Regional Medical Center, 2823 Fresno Street, Fresno, CA 93721, United States of America"
"Concord Hospital, Concord, NH","Concord Hospital, 250 Pleasant Street, Concord, NH 03301, United States of America"
"Consumers Energy, Jackson, MI","Consumers Energy East Parnall Building, 1935 West Parnall Road, Blackman Charter Township, MI 49201, United States of America"
"Cooley Dickinson Hospital, Northampton, MA","Cooley Dickinson Hospital, 30 Locust Street, Northampton, MA 01060, United States of America"
"Corewell Health (formerly Beaumont Troy), Troy, MI","Greywall Ct, Belmont, MI, United States of America"
"Corewell Health (formerly Royal Oak Beaumont), Royal Oak, MI","Royal Ave, Royal Oak, MI, United States of America"
"Corewell Health South (formerly Spectrum Lakeland), St. Joseph, MI","Saint Joseph, Michigan, United States of America"
"Corewell Health Trenton, Trenton, MI","Trenton, Michigan, United States of America"
"Corewell Health Wayne (formerly Beaumont Wayne), Wayne, MI","S Wayne Rd, Wayne, MI, United States of America"
"Corewell Health West (formerly Spectrum Grand Rapids), Grand Rapids, MI","Greywall Ct, Belmont, MI, United States of America"
"County Line Elementary School (formerly Chicos), Winder, GA","County Line-Auburn Rd, Winder, GA, United States of America"
"County of Alameda, Oakland, CA","Gonda, Oakland, CA, United States of America"
"County of Bucks Government Center, Doylestown, PA","Center St, Doylestown, PA, United States of America"
"County of Hudson, Jersey City, NJ","County Rd, Jersey City, NJ, United States of America"
"Crystal Run Healthcare, formerly Legoland, Newburgh, NY","Newberry Ln, Webster, NY, United States of America"
"Cumberland Perry County Government, Carlisle, PA","Cumberland Dr, Carlisle, PA, United States of America"
"Cypress Place Senior Living, Ventura, CA","Cypress Point Ln, Ventura, CA, United States of America"
"Danbury Hospital/Nuvance Health, Danbury, CT","Hospital Ave, Danbury, CT, United States of America"
"Darien YMCA, Darien, CT","Darien YMCA, Gardner Street, Noroton, Darien, CT 06820, United States of America"
"Dartmouth-Hitchcock Medical Center, Lebanon, NH","Dartmouth-Hitchcock Medical Center, 1 Medical Center Drive, Lebanon, NH 03756, United States of America"
"DCI International, Newberg, OR","Daisy St, Tillamook, OR, United States of America"
"Deaconess Gateway Hospital, Newburgh, IN","Deaconess Gateway Hospital, 4011 Gateway Boulevard, Newburgh, IN 47630, United States of America"
"Delaware Department of Transportation, Dover, DE","Delaware Department of Transportation, Transportation Circle, Dover, DE 19901, United States of America"
"Dell Seton Medical Center at the University of Texas, Austin, TX","Austin, Texas, United States of America"
"DHL, Lockbourne, OH","Lockbourne, Ohio, United States of America"
"Dignity Health St. John’s Regional Medical Center, Oxnard, CA","Joan Ct, California City, CA, United States of America"
"DoubleTree by Hilton Hotel Reading, Reading, PA","DoubleTree by Hilton Hotel Reading, 701 Penn Street, Reading, PA 19601, United States of America"
"Doubletree by Hilton Savannah Historic District, Savannah, GA","DoubleTree by Hilton, 411 West Bay Street, Savannah, GA 31401, United States of America"
"Dow Chemical, Freeport, TX","Dow Chemical Plant, Freeport, TX 77541, United States of America"
"Dow Rummel Retirement Community, Sioux Falls, SD","Vilas St, Howard, SD, United States of America"
"Drexel University, Philadelphia, PA","Drexel University, 3141 Chestnut Street, Philadelphia, PA 19104, United States of America"
"DSW, Columbus, OH","Easton Market, DSW, 3710 Easton Market, Columbus, OH 43219, United States of America"
"Duke Regional Hospital, Durham, NC","Duke Regional Hospital, 3643 Olympic Avenue, Durham, NC 27704, United States of America"
"Duncan Aviation, Battle Creek , MI","Duncan Ave, Kalamazoo, MI, United States of America"
"E. J. DelMonte Corporation, Rochester, NY","Jay St, New York, NY, United States of America"
"East Sussex Healthcare Trust - Eastbourne District General Hospital, Eastbourne, East Sussex, England","Eastbourne District, Eastbourne, East Sussex, England, United Kingdom"
"East Tennessee Children's Hospital , Knoxville, TN","East Tennessee Children's Hospital West, Pellissippi Parkway, Knoxville, TN 37922, United States of America"
"Ebenezer Middle School, Rincon, GA","Ebenezer Rd, Rincon, GA, United States of America"
"ECU Health/ ECU Health Medical Center., Greenville, NC","ECU Health Medical Center, 2100 Stantonsburg Road, Greenville, NC 27834, United States of America"
"Education Center at the School District of Philadelphia (""at 440""), Philadelphia, PA","Philadelphia, Pennsylvania, United States of America"
"Embassy Suites - Albuquerque, NM, Albuquerque, NM","Embassy Suites Albuquerque, 1000 Woodward Place Northeast, Albuquerque, NM 87102, United States of America"
"Embassy Suites - Lincoln, Lincoln, NE","Embassy Suites Lincoln, 1040 P Street, Lincoln, NE 68508, United States of America"
"Embassy Suites and Capitol Hilton, WASHINGTON, DC","Washington, District of Columbia, United States of America"
"Embassy Suites by Hilton – Norman, Norman, OK","Embassy Suites, 2501 Conference Drive, Norman, OK 73069, United States of America"
"Embassy Suites by Hilton Nashville SE Murfreesboro, Murfreesboro, TN","Embassy Suites by Hilton Nashville SE Murfreesboro, 1200 Conference Center Boulevard, Manson Park, Murfreesboro, TN 37129, United States of America"
"Embassy Suites by Hilton Omaha La Vista Hotel & Conference Center, La Vista, NE","Nebraska City, Nebraska, United States of America"
"Embassy Suites Columbia Greystone Conference Center, Columbia, SC","Columbia College Dr, Columbia, SC, United States of America"
"Embassy Suites Dallas-Frisco Hotel, Convention Center & Spa, Frisco, TX","Bryan, Texas, United States of America"
"Embassy Suites Downtown Nashville, Nashville, TN","Stacy Dr, Nashville, TN, United States of America"
"Embassy Suites Minneapolis Airport, Minneapolis, MN","Minneapolis Ave S, Minneapolis, MN, United States of America"
"Embassy Suites North Charleston, North Charleston, SC","Embassy Suites by Hilton North Charleston - Airport/Hotel & Convention, 5055 International Boulevard, Bennett, North Charleston, SC 29418, United States of America"
"Embassy Suites Raleigh-Durham/RTP, Cary, NC","Embassy Trl, Lincolnton, NC, United States of America"
"Epiroc, Garland, TX","Garland, Texas, United States of America"
"Epsom & St Helier Hospitals NHS Trust, London, England","London, United Kingdom"
"Erlanger Baroness Hospital, Chattanooga, TN","Barnes Ct, Chattanooga, TN, United States of America"
"Essentia Health - St. Mary's Hospital of Superior, Superior, WI","Marcy Ct, Wisconsin Dells, WI, United States of America"
"Essentia Health St. Mary's Detroit Lakes, Detroit Lakes, MN","Essentia Health Saint Mary's - Detroit Lakes, 1027 Washington Avenue, Detroit Lakes, MN 56501, United States of America"
"Fairbanks Memorial Hospital, Fairbanks, AK","Fairbanks Memorial Hospital, 1650 Cowles Street, Fairbanks, AK 99701, United States of America"
"Fairfield Medical Center, Lancaster, OH","Fairfield Medical Center, East 6th Avenue, Lancaster, OH 43130, United States of America"
"Fifth Third Bank Operations Center, Cincinnati, OH","Third St, Cincinnati, OH, United States of America"
"Forrest General Hospital, Hattiesburg, MS","Forrest General Hospital, 6059 US 49, Hattiesburg, MS 39401, United States of America"
"Fort Eustis, Fort Eustis, VA","Duffield, Virginia, United States of America"
"Fort Sanders Regional Medical Center, Knoxville, TN","Fort Sanders Regional Medical Center, 1901 Clinch Avenue, Knoxville, TN 37916, United States of America"
"Four Seasons Hotel, Westlake Village, CA","Four Seasons Hotel Westlake Village, Lindero Canyon Road, Westlake Village, CA 91361, United States of America"
"Friendsview Retirement Community, Newberg, OR","Newberg, Oregon, United States of America"
"Froedtert Hospital, Milwaukee, WI","Froedtert Hospital, 9200 West Wisconsin Avenue, Milwaukee, WI 53226, United States of America"
"Gadsden Regional Medical Center, Gadsden, AL","Gadsden Regional Medical Center, 1007 Goodyear Avenue, East Gadsden, Gadsden, AL 35903, United States of America"
"Gaylord Palms Resort and Convention Center, Kissimmee, FL","Kissimmee, Florida, United States of America"
"Gaylord Texan Resort and Convention Center, Grapevine, TX","Grapevine, Texas, United States of America"
"Genesee County Parks, Flint, MI","Genesee St, Flint, MI, United States of America"
"Gillette Children's Specialty Healthcare, St. Paul, MN","Gillette Children's Specialty Healthcare, Edgerton Street, Saint Paul, MN 55130, United States of America"
"Goldman Sachs, London, England","Goldman Sachs, 120 Fleet Street, Blackfriars, London, EC4A 2BE, United Kingdom"
"Golisano Children's Hospital of Southwest Florida, Ft. Myers, FL","Golisano Children's Hospital of Southwest Florida, 9981 South Healthpark Drive, Cypress Cove Villas, Fort Myers, FL 33908, United States of America"
"Good Samaritan Hospital (Suffern), Suffern, NY","Good Samaritan Hospital, 255 Lafayette Avenue, Village of Suffern, NY 10901, United States of America"
"Good Samaritan Medical Center Kearney, Kearney, NE","Good Samaritan Pl, Grand Island, NE, United States of America"
"Grady General Hospital, Cairo, GA","Grady General Hospital, 1155 5th Street Southeast, Cairo, GA 39828, United States of America"
"Grand Villa Senior Living Community-Palm Coast, Palm Coast, FL","Grandview Dr, Palm Coast, FL, United States of America"
"Greenville County School District, Greenville, SC","Greenville County School District Offices, 301 East Camperdown Way, Cleveland Forest, Greenville, SC 29601, United States of America"
"Greenwich Hospital, Greenwich, CT","Greenwich Hospital, 5 Perryridge Road, Greenwich, CT 06830, United States of America"
"Gulf Breeze Hospital, Gulf Breeze, FL","Gulf Breeze Hospital, 1110 Gulf Breeze Parkway, Gulf Breeze, Santa Rosa County, FL 32561, United States of America"
"Gundersen Health Systems, La Crosse, WI","Gundersen Dr, Onalaska, WI, United States of America"
"Hackettstown Medical Center - Atlantic Health System, Hackettstown, NJ","Hackettstown, New Jersey, United States of America"
"Halifax Deltona, Deltona, FL","Halifax Health UF Health Medical Center Of Deltona, 3300 Halifax Crossings Boulevard, Deltona, FL 32725, United States of America"
"Halifax Health, Daytona Beach, FL","Halifax Health, Lee Street, Daytona Beach, FL 32114, United States of America"
"Halifax Health, Port Orange, FL","Halifax Health at Oakwater, Port Orange, Florida, United States of America"
"Hamilton County Government Offices, Cincinnati, OH","Government Pl, Cincinnati, OH, United States of America"
"HCA Florida Pasadena Hospital (Formerly Casa Celeste), St. Petersburg, FL","Saint Petersburg, Florida, United States of America"
"Health First Viera Hospital, Melbourne, FL","Vera St, Melbourne, FL, United States of America"
"Health First, Inc. at Cape Canaveral Hospital, Cocoa Beach , FL","Cocoa, Florida, United States of America"
"Health Sciences District , Kansas City, MO","Census Tract Boundary, Liberty, MO, United States of America"
"Hennepin Healthcare, Minneapolis, MN","Hennepin Ave, Minneapolis, MN, United States of America"
"Henry Ford West Bloomfield Hospital, West Bloomfield, MI","Henry Ford West Bloomfield Hospital, 6777 West Maple Road, West Bloomfield Township, MI 48322, United States of America"
"Henry Mayo Newhall Hospital, Valencia, CA","Henry Mayo Newhall Hospital, 23845 McBean Parkway, Santa Clarita, CA 91355, United States of America"
"Hilton Baltimore BWI Airport, Linthicum Heights, MD","Hilton Baltimore BWI Airport, 1739 West Nursery Road, Linthicum, Anne Arundel County, MD 21090, United States of America"
"Hilton Columbus at Easton, Columbus, OH","Hilton Columbus at Easton, 3900 Chagrin Drive, Columbus, OH 43219, United States of America"
"Hilton Garden Inn- Okaloosa County, Ft Walton Beach, FL","Hilton Garden Inn, 1297 Miracle Strip Parkway Southeast, Fort Walton Beach, FL 32548, United States of America"
"Hilton Garden Inn, Gallup, NM","Hilton Garden Inn Gallup, 1530 West Maloney Avenue, Gallup, NM 87301, United States of America"
"Hilton Knoxville Airport, Alcoa, TN","Hilton Knoxville Airport, McGhee Place, Alcoa, TN 37701, United States of America"
"Hive Education, Sunland Park, NM","High Rd, Sunland Park, NM, United States of America"
"Holy Name Medical Center, Teaneck, NJ","Holy Name Medical Center, 718 Teaneck Road, Teaneck Township, NJ 07666, United States of America"
"Howard County Government , Ellicott City, MD","Canada St, Capitol Heights, MD, United States of America"
"Hudson County Community College – North Campus, Union City, NJ","Hudson Ave, Union City, NJ, United States of America"
"Hunt Regional Medical Center, Greenville, TX","Hunt Regional Medical Center, 4215 Joe Ramsey Boulevard East, Greenville, TX 75401, United States of America"
"Huntsville Hospital, Huntsville, AL","Huntsville Hospital, 101 Sivley Road Southwest, Longwood, Huntsville, AL 35801, United States of America"
"Imperial College Healthcare NHS Trust (Charing Cross Hospital), London , England","London, United Kingdom"
"Innisfree Hotel/Pensacola Beach, Pensacola Beach, FL","Hadley St, Century, FL, United States of America"
"INTEGRIS Baptist Medical Center, Oklahoma City, OK","INTEGRIS Baptist Medical Center, 3300 Northwest Expressway, Oklahoma City, OK 73112, United States of America"
"INTEGRIS Bass Baptist Health Center, Enid, OK","INTEGRIS Bass Baptist Health Center, 600 South Monroe Street, Enid, OK 73701, United States of America"
"INTEGRIS Canadian Valley Hospital, Yukon, OK","INTEGRIS Canadian Valley Hospital, 1201 Health Center Parkway East, Yukon, OK 73099, United States of America"
"INTEGRIS Health Edmond Hospital, Edmond, OK","W Edmond Rd, Edmond, OK, United States of America"
"INTEGRIS Southwest Medical Center, Oklahoma City, OK","INTEGRIS Southwest Medical Center, 4401 South Western Avenue, Oklahoma City, OK 73109, United States of America"
"Intermountain Health Saint Joseph Hospital, Denver, CO","Xanadu St, Denver, CO, United States of America"
"ISS (at Union Bank of Switzerland), London, England","London, United Kingdom"
"Ivinson Memorial Hospital, Laramie, WY","Ivinson Memorial Hospital, 255 North 30th Street, Laramie, WY 82072, United States of America"
"J Allen Automotive, Gulfport , MS","Jo Ellen Cir, Gulfport, MS, United States of America"
"Jefferson Health New Jersey, Cherry Hill, NJ","Jefferson Ave N, Cherry Hill, NJ, United States of America"
"Jefferson Washington Township Hospital, Gloucester County, Washington Township, NJ","Jefferson Washington Township Hospital, Cross Keys Plaza, 435 Hurffville-Cross Keys Road, Dilkesboro, Washington Township, NJ 08012, United States of America"
"Jersey City Medical Center RWJ Barnabas Health, Jersey City, NJ","Jersey City Blvd, Jersey City, NJ, United States of America"
"Jewish Senior Life, Rochester, NY","Sonora Pkwy, Rochester, NY, United States of America"
"Johns Hopkins All Children's Hospital, St. Petersburg, FL","Johns Hopkins All Children's Hospital, 501 6th Avenue South, Saint Petersburg, FL 33701, United States of America"
"Johnson City Medical Center and Niswonger Children's Hospital, Johnson City, TN","Centerville, Tennessee, United States of America"
"Joint Base Andrews, Andrews, MD","Webster University Joint Base Andrews, 1413 Arkansas Avenue, Camp Springs, MD 20762, United States of America"
"Kaiser Permanente Anaheim (Orange County), Anaheim, CA","Kaiser Permanente Orange County – Anaheim Medical Center, 3440 East La Palma Avenue, Anaheim, CA 92806, United States of America"
"Kaiser Permanente Baldwin Park Medical Center, Baldwin Park, CA","Kaiser Permanente Baldwin Park Medical Center, 1011 Baldwin Park Boulevard, Baldwin Park, CA 91706, United States of America"
"Kaiser Permanente Los Angeles Medical Center, Los Angeles, CA","Kaiser Permanente Los Angeles Medical Center, 4867 West Sunset Boulevard, Los Angeles, CA 90027, United States of America"
"Kaiser Permanente Moanalua Medical Center, Honolulu, HI","Kaiser Permanente Moanalua Medical Center, 3288 Moanalua Road, Honolulu, HI 96819, United States of America"
"Kaiser Permanente San Jose Medical Center, San José, CA","Sun, Inyokern, CA, United States of America"
"Kaiser Permanente South Bay Medical Center, Harbor City, CA","Kaiser Permanente South Bay Medical Center, 25825 South Vermont Avenue, Harbor Pines, Los Angeles, CA 90710, United States of America"
"Kaiser Permanente West Los Angeles Medical Center, Los Angeles, CA","Kaiser Permanente West Los Angeles Medical Center, 6041 Cadillac Avenue, Los Angeles, CA 90034, United States of America"
"Kaiser Permanente Woodland Hills Medical Center, Woodland Hills, CA","Kaiser Permanente Woodland Hills Medical Center, 5601 De Soto Avenue, Los Angeles, CA 91365, United States of America"
"Kalahari Resort - WI, Wisconsin Dells, WI","Wisconsin Ave, Wisconsin Dells, WI, United States of America"
"Kalahari Resorts & Conventions, Pocono Manor, PA","Pocono Manor, Pennsylvania, United States of America"
"Kalahari Resorts Texas,  Round Rock, TX","Kalahari Resorts Texas, Kalahari Boulevard, Round Rock, TX 78664, United States of America"
"Keesler Air Force Base, Biloxi, MS","Keesler Air Force Base, Lafayette Street, Biloxi, MS 39534, United States of America"
"Kern County Library, Bakersfield, CA","Baker Street Branch Kern County Library, Baker Street, Kern, Bakersfield, CA 93305, United States of America"
"Kettering Health Dayton formerly Grandview Medical Center, Dayton, OH","Kettering Square Dr N, Dayton, OH, United States of America"
"Kew Green, Voco Leicester, Leicester, England","Leicester, England, United Kingdom"
"Kindred Hospital of NE Florida, Green Cove Springs, FL","Florida Ave, Panama City, FL, United States of America"
"Knox County Schools, Knoxville, TN","Knox County Schools, Strong Street North, Knoxville, TN 37902, United States of America"
"Kootenai  Health, Coeur d’Alene, ID","Kootenai Health, West Ironwood Drive, Coeur d'Alene, ID 83815, United States of America"
"Lakeland Regional Health, Lakeland, FL","Lakeland Regional Health, 4710 South Florida Avenue, Lakeland, FL 33813, United States of America"
"Lancaster General Health, Lancaster, PA","Lancaster General Health Kissel Hill, 51 Peters Road, Lititz, PA 17543, United States of America"
"Lansdowne Resort and Spa, Leesburg, VA","Leesburg, Virginia, United States of America"
"Le Bonheur Children's Hospital, Memphis, TN","Le Bonheur Children's Hospital, 848 Adams Avenue, Dixie Homes, Memphis, TN 38103, United States of America"
"Lehigh Valley Health Network (Schuylkill), Pottsville, PA","Schuylkill Manor Rd, Pottsville, PA, United States of America"
"Lehigh Valley Hospital—Muhlenberg, Bethlehem, PA","Lehigh Valley Hospital Muhlenberg, 2545 Schoenersville Road, Bethlehem, PA 18017, United States of America"
"Leonardo and Sodexo, Yeovil, England","South Somerset District, Yeovil, Somerset, England, United Kingdom"
"Lexington Medical Center Northeast (formerly MUSC Health Columbia), Columbia, SC","Lexington Pointe Dr, Columbia, SC, United States of America"
"Licking Memorial Health Systems, Newark, OH","Licking St, Pataskala, OH, United States of America"
"LIFE Lawrence County, New Castle, PA","Lawrence St, New Castle, PA, United States of America"
"Liverpool University Hospitals, Liverpool Heart and Chest, ISS and Avrenim, Liverpool, England","Liverpool, United Kingdom"
"LMH Health, Lawrence, KS","LMH Health Primary Care, 4525 West 6th Street, Lawrence, KS 66049, United States of America"
"London Borough of Hounslow, Hounslow, England","St Paul's Church of England Primary School, St. Paul's Road, London, TW8 0PN, United Kingdom"
"London Heathrow Marriott, Hayes, England","Courtyard by Marriott London Heathrow Airport, 1 Nobel Drive, Harlington, UB3 5EY, United Kingdom"
"London Hotel Twickenham, Twickenham , England","Richmond upon Thames, Twickenham, London, United Kingdom"
"Lucile Packard Children's Hospital, Palo Alto, CA","Lucile Packard Children's Hospital, 725 Welch Road, Stanford, Palo Alto, CA 94304, United States of America"
"Luke Air Force Base, Glendale, AZ","Luke Air Force Base, North 21st Street, Glendale, AZ 85309, United States of America"
"Luminis Health Anne Arundel Medical Center, Annapolis, MD","Arundel Gateway Blvd, Laurel, MD, United States of America"
"M Health Fairview Lakes Medical Center, Wyoming, MN","Fairview Ave, Wyoming, MN, United States of America"
"M Health Fairview Ridges Hospital, Burnsville, MN","Fairview Dr, Burnsville, MN, United States of America"
"M Health Fairview Southdale Hospital, Edina, MN","E Fairview St, Spring Valley, MN, United States of America"
"M Health Fairview St. John's Hospital - formerly State of Minnesota, Maplewood, MN","Fairview Ave S, Saint Paul, MN, United States of America"
"Madonna Rehabilitation Hospital, Omaha, NE","Nebraska City, Nebraska, United States of America"
"Main Line Health - Bryn Mawr Rehab Hospital, Malvern, PA","Line Rd, Malvern, PA, United States of America"
"Marshall Medical Centers, AL, Guntersville, AL","Marshall Cir, Guntersville, AL, United States of America"
"Marshfield Medical Center, Marshfield, WI","Marshfield Medical Center - Marshfield, 611 Saint Joseph Avenue, Marshfield, WI 54449, United States of America"
"Mary Lanning Healthcare, Hastings, NE","Mary Lanning Healthcare, 715 North Saint Joseph Avenue, Countryside Parks, Hastings, NE 68901, United States of America"
"Mary Washington Healthcare, Fredericksburg, VA","Mary Washington Blvd, Fredericksburg, VA, United States of America"
"Masonicare, Wallingford, CT","Masonicare Health Center, 22 Masonic Avenue, Wallingford, CT 06492, United States of America"
"Mat Su Regional Medical Center, Palmer, AK","Mat-Su Regional Medical Center, 2500 South Woodworth Loop, Palmer, AK 99645, United States of America"
"Mayo Clinic Health System, Eau Claire, WI","Mayo Clinic Health System, Whipple Street, Eau Claire, WI 54703, United States of America"
"Mayo Clinic, Phoenix, AZ","East Mayo Way, Phoenix, AZ 85054, United States of America"
"Mayo Clinic, Rochester, MN","Mayo Clinic, 7 Level Skyway, Rochester, MN 55905, United States of America"
"McConnell AFB, Wichita, KS","McConnell AFB West Gate, Salina Drive, Wichita, KS 67210, United States of America"
"McLaren Clarkston, Clarkston, MI","McLaren Health Care Village at Clarkston, 5701 Bow Pointe Drive, Clarkston, Oakland County, MI 48346, United States of America"
"McLeod Regional Medical Center , Florence, SC","McLeod Regional Medical Center, 555 East Cheves Street, Florence, SC 29505, United States of America"
"Medford Multicare Center, Medford, NY","Medford Ave, Patchogue, NY, United States of America"
"MedStar Union Memorial Hospital, Baltimore, MD","Medstar Union Memorial Hospital, 201 East University Parkway, Baltimore, MD 21218, United States of America"
"Medtronic Minneapolis, Minneapolis, MN","Medtronic Plaza, Minneapolis, MN 55415, United States of America"
"Medtronic, Jacksonville, FL","Jacksonville, Florida, United States of America"
"Meijer Store #29, Burton, MI","Meijer Svc Rd, Burton, MI, United States of America"
"Memorial Hospital South Bend, South Bend, IN","Memorial Hospital of South Bend, 615 North Michigan Street, South Bend, IN 46601, United States of America"
"Memorial Satilla Health, Waycross, GA","Memorial Satilla Health, 1900 Tebeau Street, Waycross, GA 31501, United States of America"
"Mercer Health- Mercer County Community Hospital, Coldwater , OH","Mercer Health, 800 West Main Street, Coldwater, Mercer County, OH 45828, United States of America"
"Mercy Health Lorain Hospital, Lorain, OH","Lorain Blvd, Lorain, OH, United States of America"
"Mercy Health Springfield Regional Medical Center, Springfield, OH","Springfield Xenia Rd, Springfield, OH, United States of America"
"Mercy Health St. Rita’s Medical Center, Lima, OH","N Center St, Lima, OH, United States of America"
"Mercy Hospital Oklahoma City, Oklahoma City, OK","Mercy Hospital Oklahoma City, 4300 West Memorial Road, Oklahoma City, OK 73120, United States of America"
"Mercy Medical Center (Des Moines), Des Moines, IA","Mercy Hospital Medical Center Heliport, Mercy Drive, Des Moines, IA 50392, United States of America"
"Mercy Medical Center, Fort Smith, AR","Saint Edward Mercy Medical Center Heliport, Rogers Avenue, Fort Smith, AR 72903, United States of America"
"Mercyhealth Hospital and Trauma Center, Janesville, WI","Wisconsin Dells, Wisconsin, United States of America"
"Mercyhealth Javon Bea Hospital—Riverside, Rockford, IL","Rockford, Illinois, United States of America"
"MercyOne Medical Center of Clinton Iowa, Clinton, IA","Center Ct, Clinton, IA, United States of America"
"MercyOne North Iowa, Mason City, IA","S Iowa Ave, Mason City, IA, United States of America"
"Merit Health Natchez, Natchez , MS","Merit Health Natchez, 54 Seargent Prentiss Drive, Natchez, MS 39120, United States of America"
"Methodist North Hospital, Memphis, TN","Methodist North Hospital, 3960 New Covington Pike, Memphis, TN 38128, United States of America"
"Miami University, Oxford, OH","Miami University, Slant Walk, Oxford, OH 45056, United States of America"
"Michigan State University, East Lansing, MI","Michigan State University, 426 Auditorium Road, East Lansing, MI 48824, United States of America"
"Mid Yorkshire NHS Foundation Trust - Dewsbury, Dewsbury, England","Dewsbury, Kirklees, England, United Kingdom"
"Middlesex Health, Middletown, CT","Middlesex Ave, Portland, CT, United States of America"
"Midland Memorial Hospital, Midland, TX","Midland Memorial Hospital, 400 Rosalind Redfern Grover Parkway, Midland, TX 79703, United States of America"
"Mid-Plains Community College, North Platte, NE","College Ave, York, NE, United States of America"
"Milwaukee County Zoo, Milwaukee, WI","Milwaukee County Zoo, 10001 West Bluemound Road, Milwaukee, WI 53226, United States of America"
"Milwaukee Mitchell International Airport, Milwaukee, WI","Milwaukee Mitchell International Airport, 5300 South Howell Avenue, Milwaukee, WI 53207, United States of America"
"Milwaukee Tools, Jackson, MS","Jackson, Mississippi, United States of America"
"Mississippi Baptist Medical Center, Jackson, MS","Mississippi Baptist Medical Center Heliport, North Congress Street, Jackson, MS 39202, United States of America"
"Monmouth Medical Center RWJ Barnabas Health, Long Branch , NJ","Monmouth Ave, Long Branch, NJ, United States of America"
"Montefiore Medical Center, Bronx, NY","Montefiore Medical Center West Campus Moses Division Hospital, 111 East 210th Street, New York, NY 10467, United States of America"
"Montefiore New Rochelle, New Rochelle, NY","Montefiore New Rochelle, 16 Guion Place, City of New Rochelle, NY 10801, United States of America"
"Montgomery County Government, Rockville, MD","Montgomerys Post Pl, Nanjemoy, MD, United States of America"
"Monument Health, Rapid City, SD","Monument Health Rapid City Hospital, 353 Fairmont Boulevard, Rapid City, SD 57701, United States of America"
"Moorfields Eye Hospital, London, England","Moorfields Eye Hospital (City Road campus), Galway Street, London, EC1V 3SL, United Kingdom"
"Moses Cone Hospital, Greensboro, NC","The Moses H. Cone Memorial Hospital, 1200 North Elm Street, McAdoo Heights, Greensboro, NC 27401, United States of America"
"MountainView Hospital, Las Vegas, NV","MountainView Hospital, 3100 North Tenaya Way, Las Vegas, NV 89128, United States of America"
"MultiCare Valley Hospital, Spokane Valley, WA","E Valley Ln, Elk, WA, United States of America"
"Musgrove Park Hospital, Taunton, England","Musgrove Park Hospital, Parkfield Drive, Taunton, TA1 5DA, United Kingdom"
"MyMichigan Medical Center - Sault, Sault Ste. Marie, MI","MyMichigan Medical Center Sault, 500 Osborn Boulevard, Sault Ste. Marie, MI 49783, United States of America"
"Naas General Hospital (NGH), County Kildare, Ireland","County Kildare, Ireland"
"Naples Community Hospital, Naples, FL","NCH Baker Hospital Downtown, 350 7th Street North, Naples, FL 34102, United States of America"
"National Institutes of Health - National Institute of Neurological Disorders and Stroke, Bethesda, MD","Burtonsville, Maryland, United States of America"
"Nationwide Children's Hospital, Columbus, OH","Nationwide Children's Hospital, 700 Children's Drive, Columbus, OH 43205, United States of America"
"Naval Air Station Oceana, Virginia Beach, VA","Naval Air Station Oceana, London Bridge Road, Virginia Beach, VA 23454, United States of America"
"Navicent Health, Macon, GA","Atrium Health Navicent Medical Center, 777 Hemlock Street, Macon, GA 31201, United States of America"
"Nebraska Medicine Bellevue, Bellevue, NE","Nebraska Medicine – Bellevue, 2500 Bellevue Medical Center Drive, Bellevue, NE 68123, United States of America"
"Nebraska Medicine, Omaha, NE","Nebraska Medicine - Eagle Run, 3685 North 129th Street, Omaha, NE 68164, United States of America"
"Neshoba General Hospital, Philadelphia, MS","Neshoba County General Hospital, 1001 Holland Avenue, Philadelphia, MS 39350, United States of America"
"New York Presbyterian Queens, Flushing, NY","NewYork-Presbyterian/Queens, 56-45 Main Street, New York, NY 11355, United States of America"
"New York Presbyterian Westchester (formerly Lawrence Hospital), Bronxville, NY","York Ave, New York, NY, United States of America"
"New York Presbyterian Westchester Behavioral Health Center, White Plains, NY","New York Plz, New York, NY, United States of America"
"Newham University Hospital, London, England","Newham University Hospital, Lonsdale Avenue, London, E6 3LE, United Kingdom"
"Newport Hospital, Newport, RI","Newport Hospital, 11 Friendship Street, Newport, RI 02840, United States of America"
"Newton Medical Center - Atlantic Health System, Newton, NJ","Center St, Newton, NJ, United States of America"
"Nike Distribution Center, Memphis, TN","Capleville, Memphis, Tennessee, United States of America"
"NMC Health, Newton, KS","Newton, Kansas, United States of America"
"Norman Regional Hospital HealthPlex, Norman, OK","Norman Regional Hospital, HealthPlex Drive, Norman, OK 73072, United States of America"
"North Central Kansas Medical Center, Concordia, KS","S Kansas St, Scandia, KS, United States of America"
"North Devon District Hospital, Barnstaple, England","North Devon District Hospital, North Road, Barnstaple, EX31 1RU, United Kingdom"
"North Mississippi Medical Center, Eupora, MS","North Mississippi Medical Center-Eupora, 70 East Gould Avenue, Eupora, Webster County, MS 39744, United States of America"
"Northeast Georgia Health System, Inc/Northeast Georgia Medical Center, Gainesville, GA","Georgia Ave, Gainesville, GA, United States of America"
"Northern Essex Community College, Haverhill, MA","Northern Essex Community College, 100 Elliott Street, Haverhill, MA 01830, United States of America"
"Northern Kentucky University, Highland Heights, KY","Northern Kentucky University, Johns Hill Road, Highland Heights, Campbell County, KY 41099, United States of America"
"Northwest Texas Hospital, Amarillo, TX","Northwest Texas Hospital, 2200 Southwest 7th Avenue, Amarillo, TX 79106, United States of America"
"Northwestern Medicine Delnor Hospital, Geneva, IL","Northwestern Medicine Delnor Hospital, 300 Randall Road, Geneva, IL 60134, United States of America"
"Northwestern Medicine Huntley Hospital, Huntley, IL","Northwestern Medicine Huntley Hospital, 10400 Haligus Road, Huntley, McHenry County, IL 60142, United States of America"
"Northwestern Medicine Kishwaukee Hospital, DeKalb, IL","Northwestern Medicine - Kishwaukee Hospital Cancer Center, 10 Health Services Drive, DeKalb Township, IL 60115, United States of America"
"Northwestern Medicine, Central DuPage Hospital, Winfield, IL","Madison St, Winfield, IL, United States of America"
"Norwalk Community College, Norwalk, CT","Norwalk Community College, Beechwood Road, Norwalk, CT 06854, United States of America"
"Norwalk Hospital/Nuvance Health, Norwalk , CT","W Norwalk Rd, Norwalk, CT, United States of America"
"Novant Health Huntersville, Huntersville, NC","Novant Health Medical Group - Huntersville, Northcross Drive, Huntersville, NC 28078, United States of America"
"Novant Health Matthews Medical Center, Matthews, NC","Matthews St, Gastonia, NC, United States of America"
"Novo Nordisk Inc., Plainsboro, NJ","Plainsboro, New Jersey, United States of America"
"OCH Regional Medical Center, Starkville, Starkville , MS","OCH Regional Medical Center, 400 Hospital Road, Parkdale, Starkville, MS 39760, United States of America"
"Ochsner Rush Health, Meridian, MS","Meridian, Mississippi, United States of America"
"OhioHealth Berger Hospital, Circleville, OH","Berger Rd, Groveport, OH, United States of America"
"OhioHealth Doctors Hospital, Columbus, OH","OhioHealth Doctors Hospital, 5100 West Broad Street, Rome, Columbus, OH 43228, United States of America"
"OhioHealth Dublin Methodist Hospital, Dublin, OH","OhioHealth Dublin Methodist Hospital, 7500 Hospital Drive, Dublin, OH 43016, United States of America"
"OhioHealth Grady Memorial Hospital, Delaware, OH","Court St, Delaware, OH, United States of America"
"OhioHealth Mansfield Hospital, Mansfield, OH","OhioHealth Mansfield Hospital, 335 Glessner Avenue, Mansfield, OH 44907, United States of America"
"OhioHealth Marion General Hospital, Marion, OH","Marion Ave, Marion, OH, United States of America"
"OhioHealth O'Bleness Hospital, Athens, OH","Hospital Dr, Athens, OH, United States of America"
"Orlando Health South Lake Hospital, Clermont, FL","Lake Ave, Clermont, FL, United States of America"
"Otterbein Senior Life- Lebanon, Lebanon, OH","E Senour Dr, West Chester, OH, United States of America"
"Ouachita County Medical Center, Camden, AR","Ouachita County Medical Center, 638 California Avenue Southwest, Camden, AR 71701, United States of America"
"Overlook Medical Center - Atlantic Health System, Summit, NJ","Overlook Trl, Morris Plains, NJ, United States of America"
"Pacifica Senior Living Santa Barbara, Santa Barbara, CA","Pacific Ave, Santa Barbara, CA, United States of America"
"Pali Momi Medical Center, Aiea, HI","Pali Momi Medical Center, 98-1079 Moanalua Road, Aiea, HI 96701, United States of America"
"Parkview Wabash Hospital, Wabash, IN","Parkview Wabash Hospital, John Kissinger Drive, Wabash, IN 46992, United States of America"
"PeaceHealth Sacred Heart Medical Center at Riverbend, Springfield, OR","Newberg, Oregon, United States of America"
"Penn State Health Milton S. Hershey Medical Center, Hershey, PA","Penn State Health Milton S. Hershey Medical Center, 500 University Drive, Hershey, PA 17033, United States of America"
"Penn State Health St. Joseph, Reading, PA","Old State Hill Rd, Reading, PA, United States of America"
"Phoebe Putney Memorial Hospital, Albany, GA","Phoebe Putney Memorial Hospital, 417 3rd Avenue West, Albany, GA 31701, United States of America"
"Phoenixville Hospital, Phoenixville, PA","Phoenixville Hospital, 140 Nutt Road, Phoenixville, PA 19460, United States of America"
"Piedmont Fayette Hospital, Fayetteville, GA","Piedmont Fayette Hospital, 1255 Highway 54 West, Fayetteville, GA 30214, United States of America"
"Pinellas County Public Schools (formerly Pacifica Senior Living), Largo, FL","Senora St, Largo, FL, United States of America"
"Plymouth Hospitals NHS Trust, Plymouth, England","University Hospitals Plymouth NHS Trust Brittany House, Brest Road, Crownhill, PL6 5YE, United Kingdom"
"Portsmouth Regional Hospital-HCA, Portsmouth, NH","Portsmouth Blvd, Portsmouth, NH, United States of America"
"Pratt Institute, Brooklyn, NY","Pratt Institute, 200 Willoughby Avenue, New York, NY 11205, United States of America"
"Presbyterian RUST Medical Center, Rio Rancho, NM","Presbyterian Rust Medical Center, 2400 Unser Boulevard Southeast, Rio Rancho, NM 87124, United States of America"
"Prisma Health Baptist Parkridge, Columbia, SC","Columbia, South Carolina, United States of America"
"Progress Housing Group, Leyland, England","Progress Housing Group, King Street, Leyland, PR25 2LW, United Kingdom"
"ProHealth Care Waukesha Memorial Hospital, Waukesha, WI","Waukesha Ave, Waukesha, WI, United States of America"
"ProMedica Charles & Virginia Hickman Hospital, Adrian, MI","ProMedica Charles and Virginia Hickman Hospital, 5640 North Adrian Highway, Birdsall, Adrian, MI 49221, United States of America"
"ProMedica Monroe Regional Hospital, Monroe, MI","ProMedica Monroe Regional Hospital, 718 North Macomb Street, Monroe, MI 48162, United States of America"
"Providence Alaska Medical Center, Anchorage, AK","Providence Alaska Medical Center, 3200 Providence Drive, Anchorage, AK 99515, United States of America"
"Providence Regional Medical Center Everett, Everett, WA","Providence Regional Medical Center Everett, 1700 13th Street, Everett, WA 98201, United States of America"
"Providence Sacred Heart Medical Center & Children's Hospital, Spokane, WA","Spokane, Washington, United States of America"
"Raldex Hospitality, Florence, SC","Hospitality Blvd, Florence, SC, United States of America"
"Regency Palms Senior Living, Oxnard, CA","Oxnard St, Tarzana, CA, United States of America"
"Regional Medical Center, Anniston, AL","Northeast Alabama Regional Medical Center, 400 East 10th Street, Anniston, AL 36207, United States of America"
"Rehab Select at Shelby Ridge, Alabaster, AL","Columbiana, Alabama, United States of America"
"Renaissance Birmingham Ross Bridge Golf Resort and Spa, Birmingham, AL","Birmingham, Alabama, United States of America"
"Renaissance Dallas Richardson, Richardson, TX","Renaissance Hotel, 900 Central Trail, Richardson, TX 75080, United States of America"
"Renaissance Mobile Riverview Plaza Hotel, Mobile, AL","Renaissance Mobile Riverview Plaza Hotel, Government Street, Mobile, AL 36601, United States of America"
"Renaissance World Golf Village Resort, St. Augustine, FL","World Golf Village Renaissance Saint Augustine Resort, 500 South Legacy Trail, Saint Johns County, FL 32092, United States of America"
"Rice Lake Weighing Systems, Rice Lake, WI","Rice Lake Weighing Systems, Shield Avenue, Rice Lake, WI 54868, United States of America"
"River Falls Hospital part of Allina Health, River Falls, WI","Vilas Ave, Wisconsin Rapids, WI, United States of America"
"Riverside Community Hospital, Riverside, CA","Riverside Community Hospital, 4445 Magnolia Avenue, Riverside, CA 92501, United States of America"
"Ronald Reagan UCLA Medical Center/UCLA Health, Los Angeles, CA","Center St, Bishop, CA, United States of America"
"Royal United Hospital Bath NHS Trust, Bath, England","Bath, Bath and North East Somerset, England, United Kingdom"
"Rutland Regional Medical Center, Rutland, VT","Rutland Regional Medical Center, 160 Allen Street, Brookside Trailer Park, Rutland City, VT 05701, United States of America"
"RXR Realty, New York, NY","Rookery Way, Macedon, NY, United States of America"
"Saint Vincent Hospital, Erie, PA","Saint Vincent Hospital, 232 West 25th Street, Federal Hill, Erie, PA 16544, United States of America"
"Salina Regional Health Center, Salina, KS","Salina Regional Health Center, 400 South Santa Fe Avenue, Salina, KS 67401, United States of America"
"SanMar Corporation-Texas, Irving, TX","San Marcos Dr, Allen, TX, United States of America"
"Sauk Prairie Healthcare, Pairie du Sac, WI","Prairie Rd, Viroqua, WI, United States of America"
"Scanfil, Buford, GA","Buford, Georgia, United States of America"
"School District of Osceola County, Kissimmee, FL","E Osceola Pkwy, Kissimmee, FL, United States of America"
"Seattle Children's Hospital-Research-Foundation, Seattle, WA","SW Seattle St, Seattle, WA, United States of America"
"Sedgebrook, Lincolnshire, IL","Sedgebrook - Continuing Care Retirement Community, 800 Audubon Way, Lincolnshire, Lake County, IL 60069, United States of America"
"Sedgwick County Government, Board of County Commissioners, Wichita, KS","N County Rd, Wichita, KS, United States of America"
"Sentara CarePlex Hospital, Hampton, VA","Sentara CarePlex Hospital, 3000 Coliseum Drive, Hampton, VA 23666, United States of America"
"Sentara Leigh Hospital, Norfolk, VA","Sentara Leigh Hospital, 830 Kempsville Road, Norfolk, VA 23502, United States of America"
"Sentara Norfolk General Hospital, Norfolk, VA","Sentara Norfolk General Hospital, 600 Gresham Drive, Norfolk, VA 23507, United States of America"
"Sentara Williamsburg Regional Medical Center, Williamsburg, VA","Sentara Williamsburg Regional Medical Center, 100 Sentara Circle, Williamsburg, VA 23188, United States of America"
"Shaw Industries Cartersville, Cartersville, GA","Shaw St Exn, Cartersville, GA, United States of America"
"Shaw Industries, Dalton, GA","Shaw Industries, 5th Avenue, Dalton, GA 30721, United States of America"
"ShorePoint Health Punta Gorda, Punta Gorda, FL","Punta Gorda, Florida, United States of America"
"Singing River Health System - Ocean Springs, Ocean Springs, MS","Singing River St, Pascagoula, MS, United States of America"
"Singing River Health System-Gulfport, Gulfport, MS","Singing River St, Pascagoula, MS, United States of America"
"Singing River Health System-Pascagoula, Pascagoula, MS","Singing River Health System Financial Services, 3151 Denny Avenue, Pascagoula, MS 39567, United States of America"
"Soin Medical Center/Kettering Health, Beavercreek, OH","Saundra Ct, Dayton, OH, United States of America"
"South Central Regional Medical Center, Laurel, MS","South Central Regional Medical Center, 1220 Jefferson Street, Laurel, MS 39440, United States of America"
"South Dakota State University, Brookings, SD","South Dakota State University, 18th Street, Brookings, SD 57006, United States of America"
"Southern Hills Hospital & Medical Center, Las Vegas, NV","Las Vegas, Nevada, United States of America"
"Spartanburg Medical Center - Spartanburg Regional Health, Spartanburg, SC","Spartanburg Industrial Rd, Spartanburg, SC, United States of America"
"Spaulding Rehabilitation Hospital Cape Cod, East Sandwich, MA","Spaulding Rehabilitation Hospital Cape Cod, 311 Service Road, Sandwich, MA 02537, United States of America"
"Springfield College, Springfield, MA","Springfield College, 263 Alden Street, Old Hill, Springfield, MA 01109, United States of America"
"St. Ambrose University, Davenport, IA","St. Ambrose University, 518 West Locust Street, Davenport, IA 52803, United States of America"
"St. Bernards Regional Medical Center, Jonesboro, AR","Bernard St, Jonesboro, AR, United States of America"
"St. George’s University Hospitals NHS Foundation  Trust, London, England","London, United Kingdom"
"St. Joseph’s Hospital / Georgia Southern University-Armstrong Campus (Savannah), Savannah, GA","University Dr, Savannah, GA, United States of America"
"St. Lucie County (formerly Sandhill Cove), Fort Pierce , FL","St Lucie Ln, Fort Pierce, FL, United States of America"
"St. Mary's Regional Medical Center, Russellville, AR","Saint Mary's Regional Medical Center, 1808 West Main Street, Ouitaville, Russellville, AR 72801, United States of America"
"State of Oregon, Salem, OR","State of Oregon Print Plant / Publishing & Distribution, 550 Airport Road Southeast, Salem, OR 97301, United States of America"
"Staten Island University Hospital/Northwell Health, Staten Island, NY","University Pl, New York, NY, United States of America"
"Stemilt Growers, Wenatchee, WA","Stemilt Loop Rd, Wenatchee, WA, United States of America"
"Summa Health Systems, Akron, OH","Samoa Dr, Akron, OH, United States of America"
"Sunderland City Council & Partners, Sunderland , England","Sunderland, England, United Kingdom"
"Sunrise Hospital, Las Vegas, NV","Sunrise Hospital & Medical Center, 3186 South Maryland Parkway, Las Vegas, NV 89109, United States of America"
"Swedish Edmonds Hospital, Edmonds, WA","Swedish Medical Center Edmonds Campus, 21601 76th Avenue West, Edmonds, WA 98026, United States of America"
"Tabor College, Hillsboro, KS","Tabor College, South Madison Street, Hillsboro, Marion County, KS 67063, United States of America"
"TD Bank, Mount Laurel, NJ","TD Bank, Ark Road, Mount Laurel Township, NJ 07084, United States of America"
"Tennova Healthcare - Clarksville, Clarksville, TN","Tennova Healthcare – Clarksville, 651 Dunlop Lane, Clarksville, TN 37040, United States of America"
"Texas Children's Health Plan, Bellaire, TX","Texas Children's Health Plan, 6330 West Loop South, Bellaire, TX 77401, United States of America"
"Texas Health Arlington Memorial Hospital, Arlington, TX","Texas Health Arlington Memorial Hospital, 800 West Randol Mill Road, Arlington, TX 76012, United States of America"
"Texas Health Dallas, Dallas, TX","Texas Health, South Denton Tap Road, Coppell, TX 75019, United States of America"
"Texas Health Fort Worth, Fort Worth, TX","Texas Health, 5900 Altamesa Boulevard, Fort Worth, TX 76132, United States of America"
"Texas Health Plano, Plano, TX","Texas Health Presbyterian Hospital Plano, 6200 West Parker Road, Plano, TX 75093, United States of America"
"The Blue Gate Hospitality Group, Shipshewana, IN","E Quad St, Bourbon, IN, United States of America"
"The City of Lewisville, Lewisville, TX","Sadie Ln, McKinney, TX, United States of America"
"The Embassy Suites of North West Arkansas, Rogers, AR","S Arkansas St, Rogers, AR, United States of America"
"The Heritage at Sterling Ridge, Omaha, NE","Omaha, Nebraska, United States of America"
"The Hospitals of Providence- East Campus, El Paso, TX","The Hospitals of Providence - East Campus, 3280 Joe Battle Boulevard, El Paso, TX 79998, United States of America"
"The Hospitals of Providence Transmountain, El Paso, TX","The Hospitals of Providence Transmountain Campus Heliport, North Resler Drive, El Paso, TX 79911, United States of America"
"The Hospitals of Providence-Memorial Campus, El Paso, TX","Hospital Blvd, Anson, TX, United States of America"
"The Lincoln Marriott Cornhusker Hotel, Lincoln, NE","W Cornhusker Hwy, Lincoln, NE, United States of America"
"The Marquardt  (formerly Watertown Regional Medical Center site), Watertown, WI","Margaret St, Watertown, WI, United States of America"
"The Miriam Hospital, Providence, RI","Hospital St, Providence, RI, United States of America"
"The Peabody Memphis, Memphis, TN","The Peabody Memphis, 149 Union Avenue, Memphis, TN 38103, United States of America"
"The University of Arkansas at Pine Bluff, Pine Bluff, AR","Pine Bluff, Arkansas, United States of America"
"The Wesley Hospital, Brisbane, Australia","Wesley Hospital, 451 Coronation Drive, Auchenflower QLD 4066, Australia"
"ThedaCare Regional Medical Center- Appleton, Appleton, WI","ThedaCare Regional Medical Center-Appleton, 1818 North Meade Street, Appleton, WI 54911, United States of America"
"TidalHealth Nanticoke, Seaford, DE","Nanticoke Dr, Seaford, DE, United States of America"
"TSYS, Columbus, GA","TSYS, One TSYS Way, Columbus, GA 31901, United States of America"
"Tuscaloosa VA Medical Center, Tuscaloosa, AL","Tuscaloosa VA Medical Center, 3701 Woodland Road, Box Springs, Tuscaloosa, AL 35404, United States of America"
"UC Davis Medical Center, Sacramento, CA","UC Davis Medical Center, 4301 X Street, Sacramento, CA 95817, United States of America"
"UC Health West Chester Hospital, West Chester, OH","W Chester Rd, West Chester, OH, United States of America"
"UCHealth Anschutz, Aurora, CO","Aurora, Colorado, United States of America"
"UCHealth Greeley Hospital, Greeley , CO","UCHealth Greeley Hospital, 6767 West 29th Street, Greeley, CO 80634, United States of America"
"UCHealth Highlands Ranch, Highlands Ranch, CO","UCHealth Highlands Ranch Hospital, 1500 Park Central Drive, Douglas County, CO 80129, United States of America"
"UCHealth Memorial Hospital, Colorado Springs, CO","UCHealth Springs Pharmacy - Memorial Hospital Central, 1400 East Boulder Street, Colorado Springs, CO 80903, United States of America"
"UCHealth Poudre Valley Hospital (formerly Columbine Health), Fort Collins, CO","E Columbine Ave, Fruita, CO, United States of America"
"UChicago Medicine AdventHealth Bolingbrook, Bolingbrook, IL","UChicago Medicine AdventHealth Bolingbrook, 500 Remington Boulevard, Bolingbrook, IL 60440, United States of America"
"UChicago Medicine AdventHealth La Grange, LaGrange, IL","la Grange Rd, La Grange, IL, United States of America"
"UF Health Jacksonville/University of Florida, Jacksonville, FL","Jacksonville, Florida, United States of America"
"UNC Adams School of Dentistry, Chapel Hill, NC","Old School Rd, Chapel Hill, NC, United States of America"
"UNC Health Southeastern, Lumberton, NC","Healthy Way, Dallas, NC, United States of America"
"Unity Point Health Des Moines, Des Moines, IA","Des Moines, Iowa, United States of America"
"Unity Point Health Saint Luke's Hospital, Cedar Rapids, IA","Sand Ln NW, Cedar Rapids, IA, United States of America"
"UnityPoint Health - Allen Hospital, Waterloo, IA","Allen St, Waterloo, IA, United States of America"
"UnityPoint Health Trinity Muscatine, Muscatine, IA","N Toronto St, Wheatland, IA, United States of America"
"UnityPoint Health-Trinity, Bettendorf, IA","Bettendorf, Iowa, United States of America"
"University of Arizona-Division of Student Affairs, Tucson, AZ","E University Blvd, Tucson, AZ, United States of America"
"University of Arkansas for Medical Sciences, Little Rock, AR","University of Arkansas for Medical Sciences, Stadium Drive, Little Rock, AR 72260, United States of America"
"University of Connecticut Health Center, Farmington, CT","University of Connecticut Health Center, 263 Farmington Avenue, Farmington, CT 06030, United States of America"
"University of Kansas, Lawrence, KS","University of Kansas, 1450 Jayhawk Boulevard, Lawrence, KS 66045, United States of America"
"University of Maryland Baltimore, Baltimore, MD","University of Maryland Baltimore, North Paca Street, Baltimore, MD 21290, United States of America"
"University of Maryland Medical Center, Baltimore, MD","University of Maryland Medical Center, 22 South Greene Street, Baltimore, MD 21201, United States of America"
"University of Mississippi Medical Center, Jackson, MS","University of Mississippi Medical Center, 2500 North State Street, Woodland Hills, Jackson, MS 39216, United States of America"
"University of New Mexico Hospitals, Albuquerque, NM","University Blvd NE, Albuquerque, NM, United States of America"
"University of North Florida, Jacksonville, FL","University of North Florida, 1 First Coast Tech Parkway, Jacksonville, FL 32224, United States of America"
"University of Rochester Medical Center, Rochester, NY","University of Rochester Medical Center Main Campus, 601 Elmwood Avenue, City of Rochester, NY 14611, United States of America"
"University of Strathclyde, Glasgow, Scotland","University of Strathclyde, North Frederick Path, Glasgow, G1 2BG, United Kingdom"
"University of Tennessee Medical Center, Knoxville, TN","University of Tennessee Medical Center, 1924 Alcoa Highway, Knoxville, TN 37920, United States of America"
"University of Vermont Medical Center, Burlington, VT","University of Vermont Medical Center, 111 Colchester Avenue, Burlington, VT 05401, United States of America"
"University of Wisconsin Hospital/William S. Middleton VA Hospital, Madison, WI","University Bay Dr, Madison, WI, United States of America"
"University of Wisconsin- Stout, Menomonie, WI","University of Wisconsin-Stout, 4th Street West, Menomonie, WI 54751, United States of America"
"University of Wisconsin-Platteville, Platteville, WI","University of Wisconsin - Platteville, South Chesnut Street, Platteville, WI 53818, United States of America"
"University of Wisconsin-Stevens Point, Stevens Point, WI","University of Wisconsin–Stevens Point, Reserve Street, Stevens Point, WI 54481, United States of America"
"UPMC Chautauqua, Jamestown, NY","UPMC Chautauqua WCA, 207 Foote Avenue, Jamestown, NY 14702, United States of America"
"UPMC Hamot, Erie, PA","UPMC Hamot, 201 State Street, Erie, PA 16550, United States of America"
"UPMC Jameson, New Castle, PA","UPMC Jameson, 1211 Wilmington Road, New Castle, PA 16105, United States of America"
"UPMC Mercy, Pittsburgh, PA","UPMC Mercy, 1400 Locust Street, Pittsburgh, PA 15219, United States of America"
"Upstate Medical University, Syracuse, NY","State University of New York Upstate Medical University, 750 East Adams Street, City of Syracuse, NY 13210, United States of America"
"UVA Health Prince William Medical Center, Manassas, VA","Novant Health UVA Prince William Medical Center Heliport, Hospital Way, Manassas, VA 20110, United States of America"
"Valley Health Winchester Medical Center, Winchester, VA","Winchester Dr, Winchester, VA, United States of America"
"Valley Presbyterian Hospital, Van Nuys, CA","Valley Presbyterian Hospital, 15107 Vanowen Street, Los Angeles, CA 91405, United States of America"
"Vanderbilt Children's Hospital, Nashville, TN","Monroe Carell Jr. Children's Hospital at Vanderbilt, 2200 Pierce Avenue, Nashville-Davidson, TN 37232, United States of America"
"Via Christi St. Francis Hospital, Wichita, KS","Via Christi Hospital Saint Francis, 929 North Saint Francis Street, Wichita, KS 66214, United States of America"
"Vicar's Landing at Oak Bridge, Ponte Vedra, FL","Ponte Vedra Beach, Florida, United States of America"
"Viking Range, Greenwood Mississippi, Greenwood, MS","Viking Range, US 82;MS 7, Greenwood, MS, United States of America"
"Warren County Government Campus, Lebanon, OH","W Warren St, Lebanon, OH, United States of America"
"Warrington and Halton Teaching Hospitals NHS Foundation Trust, Warrington, England","Warrington, England, United Kingdom"
"Waterbury Hospital, Waterbury, CT","Waterbury Hospital, 64 Robbins Street, West Side Hill, Waterbury, CT 06708, United States of America"
"Wayne Memorial Hospital, Honesdale, PA","Wayne Memorial Hospital, 601 Park Street, Honesdale, PA 18431, United States of America"
"Wegmans, Rochester, NY","Wegmans, 525 Titus Avenue, City of Rochester, NY 14617, United States of America"
"Welch College, Gallatin, TN","College St, Gallatin, TN, United States of America"
"WellSpan Health/York Hospital, York, PA","York St, York, PA, United States of America"
"West Bend Insurance, West Bend, WI","West Bend, Wisconsin, United States of America"
"West Tennessee Healthcare, Jackson, TN","West Tennessee Healthcare North Hospital, 367 Hospital Boulevard, Jackson, TN 38305, United States of America"
"Westfield Group, Westfield Center, OH","Westfield Rd, Ashley, OH, United States of America"
"Westminster at Lake Ridge, Lake Ridge, VA","Roseville, Virginia, United States of America"
"Whipps Cross University Hospital, London, England","Whipps Cross University Hospital, Whipps Cross Road, Upper Walthamstow, London, E11 1NR, United Kingdom"
"White Plains Hospital, White Plains, NY","White Plains Hospital, 41 East Post Road, City of White Plains, NY 10601, United States of America"
"Wilderness at the Smokies, Sevierville, TN","Wilderness at the Smokies River Lodge, Old Knoxville Highway, Sevierville, TN 37876, United States of America"
"WillowBrook Assisted Living Facility, Lake City, FL","NW Willowbrook Gln, Lake City, FL, United States of America"
"Wind Creek Bethlehem, Bethlehem, PA","Wind Creek Boulevard, Bethlehem, PA 18015, United States of America"
"Woodbridge Corporation, Lithonia, GA","Woodbridge Ct, Stone Mountain, GA, United States of America"
"WVU Medicine - Ruby Memorial Hospital, Morgantown, WV","J.W. Ruby Memorial Hospital / WVU Medicine Children's, Medical Center Drive, Morgantown, WV 26505, United States of America"
"Wyndham Grand OKC Downtown, Oklahoma City, OK","NW Grand Blvd, Oklahoma City, OK, United States of America"
"Xavier University, Cincinnati, OH","E University Ave, Cincinnati, OH, United States of America"
"Yeovil District Hospital, Yeovil, Somerset, England","Yeovil District Hospital, Higher Kingston, Yeovil, BA21 4AT, United Kingdom"
"Zoo Tampa, Tampa, FL","Zoo Boulevard, Hillsborough River Estates, Tampa, FL 33604, United States of America"
Close,"Whiddy, Close, County Cork, Ireland"
